errStatus,group,instance,message
green,mapping,CarrierLevel,carrier gas (lvl 1) inherited resolution from children
green,mapping,CarrierLevel,carrier heat (lvl 1) inherited resolution from children
green,inheritance,invExcFix,inheritance via :R_a => :sum_any created 3 new data row(s) and assigned 0 new value(s)
green,inheritance,invExcFix,inheritance via :R_b => :sum_any created 6 new data row(s) and assigned 3 new value(s)
green,inheritance,capaExcUp,inheritance via :R_a => :sum_any created 3 new data row(s) and assigned 0 new value(s)
green,inheritance,capaExcUp,inheritance via :R_b => :sum_any created 6 new data row(s) and assigned 3 new value(s)
green,inheritance,capaExcResi,inheritance via :R_a => :sum_any created 3 new data row(s) and assigned 0 new value(s)
green,inheritance,capaExcResi,inheritance via :R_b => :sum_any created 6 new data row(s) and assigned 3 new value(s)
green,inheritance,invExcFix,inheritance via :R_a => :sum_any created 3 new data row(s) and assigned 0 new value(s)
green,inheritance,invExcFix,inheritance via :R_b => :sum_any created 6 new data row(s) and assigned 0 new value(s)
green,inheritance,capaStOutResi,inheritance via :R_inv => :sum_any created 1 new data row(s) and assigned 1 new value(s)
green,inheritance,capaStSizeResi,inheritance via :R_inv => :sum_any created 1 new data row(s) and assigned 1 new value(s)
green,inheritance,capaStInResi,inheritance via :R_inv => :sum_any created 2 new data row(s) and assigned 1 new value(s)
green,inheritance,ratioEnerGenUp,inheritance via :Ts_inv => :up created 1 new data row(s) and assigned 0 new value(s)
green,inheritance,ratioEnerGenUp,inheritance via :R_dis => :up created 12 new data row(s) and assigned 0 new value(s)
green,inheritance,ratioEnerGenUp,inheritance via :Ts_dis => :up created 35770 new data row(s) and assigned 2190 new value(s)
green,inheritance,ratioEnerGenUp,inheritance via :Ts_inv => :up created 1 new data row(s) and assigned 0 new value(s)
green,inheritance,ratioEnerGenUp,inheritance via :R_dis => :up created 12 new data row(s) and assigned 0 new value(s)
green,inheritance,ratioEnerGenUp,inheritance via :Ts_dis => :up created 35770 new data row(s) and assigned 0 new value(s)
green,inheritance,effConv,inheritance via :Ts_dis => :up created 113159 new data row(s) and assigned 0 new value(s)
green,inheritance,effConv,inheritance via :R_dis => :up created 714054 new data row(s) and assigned 12417 new value(s)
green,inheritance,effConv,inheritance via :Ts_dis => :avg_any created 166440 new data row(s) and assigned 4380 new value(s)
green,inheritance,effConv,inheritance via :Ts_dis => :up created 87600 new data row(s) and assigned 0 new value(s)
green,inheritance,effConv,inheritance via :R_dis => :up created 385480 new data row(s) and assigned 0 new value(s)
green,inheritance,effConv,assigned default value 1.0 for 35040 entrie(s)
green,inheritance,ratioEnerGenFix,inheritance via :Ts_inv => :up created 4 new data row(s) and assigned 0 new value(s)
green,inheritance,ratioEnerGenFix,inheritance via :R_dis => :up created 48 new data row(s) and assigned 0 new value(s)
green,inheritance,ratioEnerGenFix,inheritance via :Ts_dis => :up created 143080 new data row(s) and assigned 27010 new value(s)
green,inheritance,ratioEnerGenFix,inheritance via :Ts_inv => :up created 4 new data row(s) and assigned 0 new value(s)
green,inheritance,ratioEnerGenFix,inheritance via :R_dis => :up created 48 new data row(s) and assigned 0 new value(s)
green,inheritance,ratioEnerGenFix,inheritance via :Ts_dis => :up created 143080 new data row(s) and assigned 0 new value(s)
green,inheritance,ratioEnerGenLow,inheritance via :Ts_inv => :up created 1 new data row(s) and assigned 0 new value(s)
green,inheritance,ratioEnerGenLow,inheritance via :R_dis => :up created 12 new data row(s) and assigned 0 new value(s)
green,inheritance,ratioEnerGenLow,inheritance via :Ts_dis => :up created 35770 new data row(s) and assigned 2190 new value(s)
green,inheritance,ratioEnerGenLow,inheritance via :Ts_inv => :up created 1 new data row(s) and assigned 0 new value(s)
green,inheritance,ratioEnerGenLow,inheritance via :R_dis => :up created 12 new data row(s) and assigned 0 new value(s)
green,inheritance,ratioEnerGenLow,inheritance via :Ts_dis => :up created 35770 new data row(s) and assigned 0 new value(s)
green,inheritance,lossExc,inheritance via :R_a => :avg_any created 3 new data row(s) and assigned 0 new value(s)
green,inheritance,lossExc,inheritance via :R_b => :avg_any created 6 new data row(s) and assigned 3 new value(s)
green,inheritance,effStIn,inheritance via :C => :up created 4 new data row(s) and assigned 2 new value(s)
green,inheritance,stInflow,inheritance via :Ts_dis => :sum_any created 2555 new data row(s) and assigned 0 new value(s)
green,inheritance,stInflow,inheritance via :R_dis => :sum_any created 11315 new data row(s) and assigned 8760 new value(s)
green,inheritance,stInflow,inheritance via :Ts_dis => :avg_any created 5110 new data row(s) and assigned 0 new value(s)
green,inheritance,effStOut,inheritance via :C => :up created 4 new data row(s) and assigned 2 new value(s)
green,inheritance,avaConv,inheritance via :Ts_dis => :up created 21900 new data row(s) and assigned 0 new value(s)
green,inheritance,avaConv,inheritance via :R_dis => :up created 131412 new data row(s) and assigned 8760 new value(s)
green,inheritance,avaConv,inheritance via :Te => :up created 335091 new data row(s) and assigned 140160 new value(s)
green,inheritance,avaConv,inheritance via :R_dis => :avg_any created 197110 new data row(s) and assigned 0 new value(s)
green,inheritance,avaConv,inheritance via :Ts_dis => :avg_any created 142350 new data row(s) and assigned 8760 new value(s)
green,inheritance,avaConv,assigned default value 1.0 for 105120 entrie(s)
green,inheritance,invExcFix,inheritance via :R_a => :sum_any created 3 new data row(s) and assigned 0 new value(s)
green,inheritance,invExcFix,inheritance via :R_b => :sum_any created 6 new data row(s) and assigned 0 new value(s)
green,inheritance,genUp,inheritance via :Ts_dis => :sum_full created 10224 new data row(s) and assigned 8760 new value(s)
green,inheritance,genUp,inheritance via :R_dis => :sum_full created 22632 new data row(s) and assigned 0 new value(s)
green,inheritance,capaExcUp,inheritance via :R_a => :sum_any created 3 new data row(s) and assigned 0 new value(s)
green,inheritance,capaExcUp,inheritance via :R_b => :sum_any created 6 new data row(s) and assigned 0 new value(s)
green,inheritance,emissionFactor,inheritance via :Ts_dis => :up created 33947 new data row(s) and assigned 366 new value(s)
green,inheritance,emissionFactor,inheritance via :Te => :up created 203706 new data row(s) and assigned 1461 new value(s)
green,inheritance,lifeConv,inheritance via :Ts_inv => :up created 4 new data row(s) and assigned 4 new value(s)
green,inheritance,lifeStIn,inheritance via :Ts_inv => :up created 1 new data row(s) and assigned 1 new value(s)
green,inheritance,lifeStSize,inheritance via :Ts_inv => :up created 1 new data row(s) and assigned 1 new value(s)
green,inheritance,capaExcResi,inheritance via :R_a => :sum_any created 3 new data row(s) and assigned 0 new value(s)
green,inheritance,capaExcResi,inheritance via :R_b => :sum_any created 6 new data row(s) and assigned 3 new value(s)
green,inheritance,demand,inheritance via :Ts_dis => :avg_any created 20448 new data row(s) and assigned 8760 new value(s)
green,inheritance,demand,inheritance via :R_dis => :sum_any created 45264 new data row(s) and assigned 17520 new value(s)
green,inheritance,demand,assigned default value 0.0 for 10956 entrie(s)
green,inheritance,avaConv,inheritance via :Ts_dis => :avg_any created 83585 new data row(s) and assigned 28470 new value(s)
green,inheritance,avaConv,inheritance via :R_dis => :avg_any created 162425 new data row(s) and assigned 44530 new value(s)
green,inheritance,effConv,inheritance via :Ts_dis => :up created 241265 new data row(s) and assigned 97820 new value(s)
green,inheritance,effConv,inheritance via :R_dis => :up created 428524 new data row(s) and assigned 83220 new value(s)
green,inheritance,effConv,assigned default value 1.0 for 53646 entrie(s)
green,inheritance,avaConv,inheritance via :Ts_dis => :avg_any created 83628 new data row(s) and assigned 1460 new value(s)
green,inheritance,avaConv,inheritance via :R_dis => :avg_any created 162444 new data row(s) and assigned 18985 new value(s)
